task_id,review_image,package_image,current_source_image,source_reports
emerg_002,reports/video_generation_500_replacement_review/emerg_002.jpg,reports/video_generation_500_package/images/emerg_002.jpg,dataset/images/extreme_emergency/emerg_flange_high_pressure_leak/ref_08.jpg,additional_rejected_task_replacements.csv
emerg_054,reports/video_generation_500_replacement_review/emerg_054.jpg,reports/video_generation_500_package/images/emerg_054.jpg,dataset/images/extreme_emergency/emerg_reactor_runaway_pressure_release/ref_08.jpg,user_deleted_review_replacements.csv
emerg_056,reports/video_generation_500_replacement_review/emerg_056.jpg,reports/video_generation_500_package/images/emerg_056.jpg,dataset/images/extreme_emergency/emerg_dam_or_retaining_wall_breach/ref_10.jpg,user_deleted_review_replacements.csv
emerg_078,reports/video_generation_500_replacement_review/emerg_078.jpg,reports/video_generation_500_package/images/emerg_078.jpg,dataset/images/extreme_emergency/emerg_crane_load_drop_evacuation/ref_13.jpg,latest_rejected_task_replacements.csv
emerg_091,reports/video_generation_500_replacement_review/emerg_091.jpg,reports/video_generation_500_package/images/emerg_091.jpg,dataset/images/extreme_emergency/emerg_dam_or_retaining_wall_breach/ref_19.jpg,more_rejected_task_replacements.csv
emerg_092,reports/video_generation_500_replacement_review/emerg_092.jpg,reports/video_generation_500_package/images/emerg_092.jpg,dataset/images/extreme_emergency/emerg_dam_or_retaining_wall_breach/ref_11.jpg,more_rejected_task_replacements.csv
emerg_133,reports/video_generation_500_replacement_review/emerg_133.jpg,reports/video_generation_500_package/images/emerg_133.jpg,dataset/images/extreme_emergency/emerg_cooling_tower_plume_failure/ref_24.jpg,additional_rejected_task_replacements.csv
emerg_153,reports/video_generation_500_replacement_review/emerg_153.jpg,reports/video_generation_500_package/images/emerg_153.jpg,dataset/images/extreme_emergency/emerg_dust_explosion_confined_space/ref_14.jpg,mixed_rejected_task_replacements.csv
emerg_178,reports/video_generation_500_replacement_review/emerg_178.jpg,reports/video_generation_500_package/images/emerg_178.jpg,dataset/images/extreme_emergency/emerg_reactor_runaway_pressure_release/ref_10.jpg,mixed_rejected_task_replacements.csv
emerg_212,reports/video_generation_500_replacement_review/emerg_212.jpg,reports/video_generation_500_package/images/emerg_212.jpg,dataset/images/extreme_emergency/emerg_storage_tank_flash_fire/ref_08.jpg,additional_rejected_task_replacements.csv
emerg_231,reports/video_generation_500_replacement_review/emerg_231.jpg,reports/video_generation_500_package/images/emerg_231.jpg,dataset/images/extreme_emergency/emerg_dam_or_retaining_wall_breach/ref_14.jpg,mixed_rejected_task_replacements.csv
emerg_305,reports/video_generation_500_replacement_review/emerg_305.jpg,reports/video_generation_500_package/images/emerg_305.jpg,dataset/images/extreme_emergency/emerg_hot_work_spark_combustible_fire/ref_08.jpg,mixed_rejected_task_replacements.csv
emerg_308,reports/video_generation_500_replacement_review/emerg_308.jpg,reports/video_generation_500_package/images/emerg_308.jpg,dataset/images/extreme_emergency/emerg_dust_explosion_confined_space/ref_18.jpg,rejected_500_image_replacements.csv;video_generation_500_dedupe_replacements.csv
emerg_323,reports/video_generation_500_replacement_review/emerg_323.jpg,reports/video_generation_500_package/images/emerg_323.jpg,dataset/images/extreme_emergency/emerg_reactor_runaway_pressure_release/ref_09.jpg,user_deleted_review_replacements.csv
erob_024,reports/video_generation_500_replacement_review/erob_024.jpg,reports/video_generation_500_package/images/erob_024.jpg,dataset/images/embodied_robotics/erob_quadruped_stairs_rubble_fpv/ref_06.jpg,rejected_500_image_replacements.csv
erob_027,reports/video_generation_500_replacement_review/erob_027.jpg,reports/video_generation_500_package/images/erob_027.jpg,dataset/images/embodied_robotics/erob_amr_warehouse_navigation/ref_12.jpg,latest_rejected_task_replacements.csv
erob_031,reports/video_generation_500_replacement_review/erob_031.jpg,reports/video_generation_500_package/images/erob_031.jpg,dataset/images/embodied_robotics/erob_quadruped_stairs_rubble_fpv/ref_11.jpg,rejected_500_image_replacements.csv
erob_056,reports/video_generation_500_replacement_review/erob_056.jpg,reports/video_generation_500_package/images/erob_056.jpg,dataset/images/embodied_robotics/erob_agv_rollup_door_interlock/ref_13.jpg,followup_rejected_task_replacements.csv
erob_154,reports/video_generation_500_replacement_review/erob_154.jpg,reports/video_generation_500_package/images/erob_154.jpg,dataset/images/embodied_robotics/erob_amr_charger_smoke_abort/ref_10.jpg,latest_rejected_task_replacements.csv
hload_109,reports/video_generation_500_replacement_review/hload_109.jpg,reports/video_generation_500_package/images/hload_109.jpg,dataset/images/heavy_load_construction/hload_tunnel_pipe_burst_mud_surge/ref_04.jpg,followup_rejected_task_replacements.csv
hload_120,reports/video_generation_500_replacement_review/hload_120.jpg,reports/video_generation_500_package/images/hload_120.jpg,dataset/images/heavy_load_construction/hload_hoist_collision_near_structure/ref_06.jpg,user_deleted_review_replacements.csv
hload_217,reports/video_generation_500_replacement_review/hload_217.jpg,reports/video_generation_500_package/images/hload_217.jpg,dataset/images/heavy_load_construction/hload_gantry_wind_disturbance/ref_41.jpg,user_deleted_review_replacements.csv
hload_218,reports/video_generation_500_replacement_review/hload_218.jpg,reports/video_generation_500_package/images/hload_218.jpg,dataset/images/heavy_load_construction/hload_gantry_wind_disturbance/ref_24.jpg,user_deleted_review_replacements.csv
hload_220,reports/video_generation_500_replacement_review/hload_220.jpg,reports/video_generation_500_package/images/hload_220.jpg,dataset/images/heavy_load_construction/hload_blind_lift_spotter_view/ref_18.jpg,additional_rejected_task_replacements.csv
hload_226,reports/video_generation_500_replacement_review/hload_226.jpg,reports/video_generation_500_package/images/hload_226.jpg,dataset/images/heavy_load_construction/hload_ground_settlement_outrigger/ref_11.jpg,rejected_500_image_replacements.csv;video_generation_500_dedupe_replacements.csv
hload_227,reports/video_generation_500_replacement_review/hload_227.jpg,reports/video_generation_500_package/images/hload_227.jpg,dataset/images/heavy_load_construction/hload_gantry_wind_disturbance/ref_10.jpg,user_deleted_review_replacements.csv
hload_228,reports/video_generation_500_replacement_review/hload_228.jpg,reports/video_generation_500_package/images/hload_228.jpg,dataset/images/heavy_load_construction/hload_gantry_wind_disturbance/ref_18.jpg,user_deleted_review_replacements.csv
hload_230,reports/video_generation_500_replacement_review/hload_230.jpg,reports/video_generation_500_package/images/hload_230.jpg,dataset/images/heavy_load_construction/hload_gantry_wind_disturbance/ref_11.jpg,user_deleted_review_replacements.csv
hload_231,reports/video_generation_500_replacement_review/hload_231.jpg,reports/video_generation_500_package/images/hload_231.jpg,dataset/images/heavy_load_construction/hload_sling_angle_center_of_gravity/ref_16.jpg,rejected_500_image_replacements.csv;video_generation_500_dedupe_replacements.csv
hload_233,reports/video_generation_500_replacement_review/hload_233.jpg,reports/video_generation_500_package/images/hload_233.jpg,dataset/images/heavy_load_construction/hload_gantry_wind_disturbance/ref_19.jpg,rejected_500_image_replacements.csv;video_generation_500_dedupe_replacements.csv
hload_235,reports/video_generation_500_replacement_review/hload_235.jpg,reports/video_generation_500_package/images/hload_235.jpg,dataset/images/heavy_load_construction/hload_dual_crawler_crane_lift/ref_04.jpg,user_deleted_review_replacements.csv
hload_236,reports/video_generation_500_replacement_review/hload_236.jpg,reports/video_generation_500_package/images/hload_236.jpg,dataset/images/heavy_load_construction/hload_ground_settlement_outrigger/ref_12.jpg,rejected_500_image_replacements.csv;video_generation_500_dedupe_replacements.csv
hload_242,reports/video_generation_500_replacement_review/hload_242.jpg,reports/video_generation_500_package/images/hload_242.jpg,dataset/images/heavy_load_construction/hload_tunnel_pipe_burst_mud_surge/ref_10.jpg,user_deleted_review_replacements.csv
hload_267,reports/video_generation_500_replacement_review/hload_267.jpg,reports/video_generation_500_package/images/hload_267.jpg,dataset/images/heavy_load_construction/hload_blind_lift_spotter_view/ref_19.jpg,user_deleted_review_replacements.csv
hload_277,reports/video_generation_500_replacement_review/hload_277.jpg,reports/video_generation_500_package/images/hload_277.jpg,dataset/images/heavy_load_construction/hload_hoist_collision_near_structure/ref_17.jpg,user_deleted_review_replacements.csv
hload_281,reports/video_generation_500_replacement_review/hload_281.jpg,reports/video_generation_500_package/images/hload_281.jpg,dataset/images/heavy_load_construction/hload_wire_rope_overload_snap/ref_16.jpg,rejected_500_image_replacements.csv;video_generation_500_dedupe_replacements.csv
pdef_031,reports/video_generation_500_replacement_review/pdef_031.jpg,reports/video_generation_500_package/images/pdef_031.jpg,dataset/images/precision_defect_gen/pdef_cnc_curved_surface_cutting/ref_03.jpg,rejected_500_image_replacements.csv
pdef_053,reports/video_generation_500_replacement_review/pdef_053.jpg,reports/video_generation_500_package/images/pdef_053.jpg,dataset/images/precision_defect_gen/pdef_cutting_fluid_spray/ref_21.jpg,rejected_500_image_replacements.csv;video_generation_500_dedupe_replacements.csv
pdef_054,reports/video_generation_500_replacement_review/pdef_054.jpg,reports/video_generation_500_package/images/pdef_054.jpg,dataset/images/precision_defect_gen/pdef_gauge_level_valve_anomaly/ref_20.jpg,rejected_500_image_replacements.csv;video_generation_500_dedupe_replacements.csv
pdef_056,reports/video_generation_500_replacement_review/pdef_056.jpg,reports/video_generation_500_package/images/pdef_056.jpg,dataset/images/precision_defect_gen/pdef_pcb_solder_bridge_short/ref_06.jpg,rejected_500_image_replacements.csv;video_generation_500_dedupe_replacements.csv
pdef_057,reports/video_generation_500_replacement_review/pdef_057.jpg,reports/video_generation_500_package/images/pdef_057.jpg,dataset/images/precision_defect_gen/pdef_gauge_level_valve_anomaly/ref_13.jpg,rejected_500_image_replacements.csv;video_generation_500_dedupe_replacements.csv
pdef_058,reports/video_generation_500_replacement_review/pdef_058.jpg,reports/video_generation_500_package/images/pdef_058.jpg,dataset/images/precision_defect_gen/pdef_pcb_solder_bridge_short/ref_11.jpg,rejected_500_image_replacements.csv;video_generation_500_dedupe_replacements.csv
pdef_063,reports/video_generation_500_replacement_review/pdef_063.jpg,reports/video_generation_500_package/images/pdef_063.jpg,dataset/images/precision_defect_gen/pdef_cnc_curved_surface_cutting/ref_12.jpg,followup_rejected_task_replacements.csv
pdef_065,reports/video_generation_500_replacement_review/pdef_065.jpg,reports/video_generation_500_package/images/pdef_065.jpg,dataset/images/precision_defect_gen/pdef_flange_seal_micro_leak/ref_01.jpg,additional_rejected_task_replacements.csv
pdef_066,reports/video_generation_500_replacement_review/pdef_066.jpg,reports/video_generation_500_package/images/pdef_066.jpg,dataset/images/precision_defect_gen/pdef_flange_seal_micro_leak/ref_06.jpg,followup_rejected_task_replacements.csv
pdef_067,reports/video_generation_500_replacement_review/pdef_067.jpg,reports/video_generation_500_package/images/pdef_067.jpg,dataset/images/precision_defect_gen/pdef_cutting_fluid_spray/ref_13.jpg,latest_rejected_task_replacements.csv
pdef_068,reports/video_generation_500_replacement_review/pdef_068.jpg,reports/video_generation_500_package/images/pdef_068.jpg,dataset/images/precision_defect_gen/pdef_gear_tooth_missing_wear/ref_11.jpg,latest_rejected_task_replacements.csv
pdef_108,reports/video_generation_500_replacement_review/pdef_108.jpg,reports/video_generation_500_package/images/pdef_108.jpg,dataset/images/precision_defect_gen/pdef_gauge_level_valve_anomaly/ref_08.jpg,more_rejected_task_replacements.csv
pdef_136,reports/video_generation_500_replacement_review/pdef_136.jpg,reports/video_generation_500_package/images/pdef_136.jpg,dataset/images/precision_defect_gen/pdef_engine_endoscope_crack/ref_07.jpg,followup_rejected_task_replacements.csv
pdef_145,reports/video_generation_500_replacement_review/pdef_145.jpg,reports/video_generation_500_package/images/pdef_145.jpg,dataset/images/precision_defect_gen/pdef_gauge_level_valve_anomaly/ref_17.jpg,mixed_rejected_task_replacements.csv
pdef_176,reports/video_generation_500_replacement_review/pdef_176.jpg,reports/video_generation_500_package/images/pdef_176.jpg,dataset/images/precision_defect_gen/pdef_engine_endoscope_crack/ref_12.jpg,mixed_rejected_task_replacements.csv
pdef_183,reports/video_generation_500_replacement_review/pdef_183.jpg,reports/video_generation_500_package/images/pdef_183.jpg,dataset/images/precision_defect_gen/pdef_flange_seal_micro_leak/ref_02.jpg,three_rejected_task_replacements.csv
pdef_204,reports/video_generation_500_replacement_review/pdef_204.jpg,reports/video_generation_500_package/images/pdef_204.jpg,dataset/images/precision_defect_gen/pdef_gear_tooth_missing_wear/ref_04.jpg,three_rejected_task_replacements.csv
pdef_205,reports/video_generation_500_replacement_review/pdef_205.jpg,reports/video_generation_500_package/images/pdef_205.jpg,dataset/images/precision_defect_gen/pdef_gear_tooth_missing_wear/ref_09.jpg,more_rejected_task_replacements.csv
pdef_216,reports/video_generation_500_replacement_review/pdef_216.jpg,reports/video_generation_500_package/images/pdef_216.jpg,dataset/images/precision_defect_gen/pdef_tube_bundle_endoscopy/ref_12.jpg,additional_rejected_task_replacements.csv
pdef_226,reports/video_generation_500_replacement_review/pdef_226.jpg,reports/video_generation_500_package/images/pdef_226.jpg,dataset/images/precision_defect_gen/pdef_gear_tooth_missing_wear/ref_10.jpg,mixed_rejected_task_replacements.csv
vsec_043,reports/video_generation_500_replacement_review/vsec_043.jpg,reports/video_generation_500_package/images/vsec_043.jpg,dataset/images/visual_security/vsec_surveillance_blind_spot_sweep/ref_11.jpg,three_rejected_task_replacements.csv
vsec_111,reports/video_generation_500_replacement_review/vsec_111.jpg,reports/video_generation_500_package/images/vsec_111.jpg,dataset/images/visual_security/vsec_unregistered_vehicle_intrusion/ref_09.jpg,additional_rejected_task_replacements.csv
vsec_114,reports/video_generation_500_replacement_review/vsec_114.jpg,reports/video_generation_500_package/images/vsec_114.jpg,dataset/images/visual_security/vsec_crane_unsafe_swing_near_people/ref_07.jpg,more_rejected_task_replacements.csv
vsec_115,reports/video_generation_500_replacement_review/vsec_115.jpg,reports/video_generation_500_package/images/vsec_115.jpg,dataset/images/visual_security/vsec_dangerous_goods_liquid_leak/ref_08.jpg,rejected_500_image_replacements.csv
vsec_131,reports/video_generation_500_replacement_review/vsec_131.jpg,reports/video_generation_500_package/images/vsec_131.jpg,dataset/images/visual_security/vsec_electrical_cabinet_smoke_isolation/ref_03.jpg,rejected_500_image_replacements.csv
vsec_141,reports/video_generation_500_replacement_review/vsec_141.jpg,reports/video_generation_500_package/images/vsec_141.jpg,dataset/images/visual_security/vsec_crane_unsafe_swing_near_people/ref_03.jpg,rejected_500_image_replacements.csv
vsec_146,reports/video_generation_500_replacement_review/vsec_146.jpg,reports/video_generation_500_package/images/vsec_146.jpg,dataset/images/visual_security/vsec_crane_unsafe_swing_near_people/ref_05.jpg,rejected_500_image_replacements.csv
vsec_157,reports/video_generation_500_replacement_review/vsec_157.jpg,reports/video_generation_500_package/images/vsec_157.jpg,dataset/images/visual_security/vsec_dangerous_goods_liquid_leak/ref_04.jpg,user_deleted_review_replacements.csv
vsec_170,reports/video_generation_500_replacement_review/vsec_170.jpg,reports/video_generation_500_package/images/vsec_170.jpg,dataset/images/visual_security/vsec_surveillance_blind_spot_sweep/ref_05.jpg,rejected_500_image_replacements.csv
vsec_175,reports/video_generation_500_replacement_review/vsec_175.jpg,reports/video_generation_500_package/images/vsec_175.jpg,dataset/images/visual_security/vsec_conveyor_jam_loto_clearance/ref_09.jpg,rejected_500_image_replacements.csv;video_generation_500_dedupe_replacements.csv
vsec_193,reports/video_generation_500_replacement_review/vsec_193.jpg,reports/video_generation_500_package/images/vsec_193.jpg,dataset/images/visual_security/vsec_electrical_cabinet_smoke_isolation/ref_09.jpg,additional_rejected_task_replacements.csv
vsec_228,reports/video_generation_500_replacement_review/vsec_228.jpg,reports/video_generation_500_package/images/vsec_228.jpg,dataset/images/visual_security/vsec_unregistered_vehicle_intrusion/ref_13.jpg,vsec_surveillance_replacements.csv
vsec_229,reports/video_generation_500_replacement_review/vsec_229.jpg,reports/video_generation_500_package/images/vsec_229.jpg,dataset/images/visual_security/vsec_unregistered_vehicle_intrusion/ref_08.jpg,vsec_surveillance_replacements.csv
vsec_232,reports/video_generation_500_replacement_review/vsec_232.jpg,reports/video_generation_500_package/images/vsec_232.jpg,dataset/images/visual_security/vsec_perimeter_fence_breach/ref_08.jpg,vsec_surveillance_replacements.csv
vsec_233,reports/video_generation_500_replacement_review/vsec_233.jpg,reports/video_generation_500_package/images/vsec_233.jpg,dataset/images/visual_security/vsec_unregistered_vehicle_intrusion/ref_11.jpg,vsec_surveillance_replacements.csv
